{"cameraMode":{"drawMode":0,"name":"Shaded","section":"Shading Mode"},"sceneLighting":true,"audioPlay":false,"sceneViewState":{"showFog":true,"showMaterialUpdate":false,"showSkybox":true,"showFlares":true,"showImageEffects":true,"showParticleSystems":true},"in2DMode":false,"pivot":{"x":27.203508377075197,"y":-2.399723768234253,"z":6.076627254486084},"rotation":{"x":-0.23278529942035676,"y":0.13572560250759126,"z":-0.032827552407979968,"w":-0.9624513983726502},"size":10.651222229003907,"orthographic":false}