{"cameraMode":{"drawMode":0,"name":"Shaded","section":"Shading Mode"},"sceneLighting":false,"audioPlay":false,"sceneViewState":{"showFog":true,"showMaterialUpdate":false,"showSkybox":false,"showFlares":true,"showImageEffects":true,"showParticleSystems":true},"in2DMode":false,"pivot":{"x":60.905216217041019,"y":14.20187759399414,"z":107.76591491699219},"rotation":{"x":0.017419815063476564,"y":-0.9810848236083984,"z":0.10618196427822113,"w":0.16095249354839326},"size":171.47303771972657,"orthographic":false}