{"cameraMode":{"drawMode":0,"name":"Shaded","section":"Shading Mode"},"sceneLighting":false,"audioPlay":false,"sceneViewState":{"showFog":true,"showMaterialUpdate":false,"showSkybox":false,"showFlares":true,"showImageEffects":true,"showParticleSystems":true},"in2DMode":false,"pivot":{"x":28.68170928955078,"y":2.038235664367676,"z":64.12871551513672},"rotation":{"x":0.0098305344581604,"y":-0.9198742508888245,"z":0.3914233148097992,"w":0.02310040034353733},"size":2.8578836917877199,"orthographic":false}