{"cameraMode":{"drawMode":0,"name":"Shaded","section":"Shading Mode"},"sceneLighting":false,"audioPlay":false,"sceneViewState":{"showFog":true,"showMaterialUpdate":false,"showSkybox":false,"showFlares":true,"showImageEffects":true,"showParticleSystems":true},"in2DMode":false,"pivot":{"x":18.102872848510743,"y":33.421443939208987,"z":-37.03276443481445},"rotation":{"x":-0.09476030617952347,"y":-0.7639402747154236,"z":0.11531008780002594,"w":-0.6278051733970642},"size":89.0509262084961,"orthographic":false}