{"cameraMode":{"drawMode":0,"name":"Shaded","section":"Shading Mode"},"sceneLighting":true,"audioPlay":false,"sceneViewState":{"showFog":true,"showMaterialUpdate":false,"showSkybox":true,"showFlares":true,"showImageEffects":true,"showParticleSystems":true},"in2DMode":false,"pivot":{"x":244.4219207763672,"y":-41.46026611328125,"z":11.701452255249024},"rotation":{"x":-0.23278529942035676,"y":0.13572560250759126,"z":-0.032827552407979968,"w":-0.9624513983726502},"size":529.6375122070313,"orthographic":false}