{"cameraMode":{"drawMode":0,"name":"Shaded","section":"Shading Mode"},"sceneLighting":false,"audioPlay":false,"sceneViewState":{"showFog":true,"showMaterialUpdate":false,"showSkybox":false,"showFlares":true,"showImageEffects":true,"showParticleSystems":true},"in2DMode":false,"pivot":{"x":103.23311614990235,"y":0.5993137359619141,"z":84.96269226074219},"rotation":{"x":-0.1079317256808281,"y":-0.055860571563243869,"z":0.00606819661334157,"w":-0.9926117658615112},"size":11.607059478759766,"orthographic":false}