{"cameraMode":{"drawMode":0,"name":"Shaded","section":"Shading Mode"},"sceneLighting":true,"audioPlay":false,"sceneViewState":{"showFog":true,"showMaterialUpdate":false,"showSkybox":true,"showFlares":true,"showImageEffects":true,"showParticleSystems":true},"in2DMode":false,"pivot":{"x":10.20956802368164,"y":-11.284701347351075,"z":1.9751019477844239},"rotation":{"x":-0.24211663007736207,"y":0.6030731797218323,"z":-0.1990579068660736,"w":-0.7335382103919983},"size":30.823883056640626,"orthographic":false}