{"cameraMode":{"drawMode":0,"name":"Shaded","section":"Shading Mode"},"sceneLighting":true,"audioPlay":false,"sceneViewState":{"showFog":true,"showMaterialUpdate":false,"showSkybox":true,"showFlares":true,"showImageEffects":true,"showParticleSystems":true},"in2DMode":false,"pivot":{"x":-34.64697265625,"y":25.053098678588868,"z":44.13835144042969},"rotation":{"x":0.07957909256219864,"y":0.8219013810157776,"z":-0.11859898269176483,"w":0.5514857172966003},"size":0.07243084907531738,"orthographic":false}